title,location,budget,job_type,experience,rating,skills,page
Staff/Senior Software Engineer ‚Äì Applied AI (HealthTech),United States,$70.00,Hourly,Expert,5.0,"Artificial Intelligence, Python, API, Machine Learning, JavaScript, Java, C#, TensorFlow",1
Expert AI/ML Engineer Needed for LLM Project Development,United States,$30.00,Hourly,Expert,5.0,"Python, Machine Learning, Artificial Intelligence, TensorFlow, Data Science, LLM Prompt Engineering, LLaMA, Deep Learning, Natural Language Processing, Artificial Neural Network",1
"Senior Backend Engineer ‚Äì Queue/Scheduler, Telephony, AI Voice Bot Infrastructure",United States,$20.00,Hourly,Expert,5.0,"MongoDB, Python, Node.js, Celery, API, Twilio API, retell ai, vapi, System Architecture",1
AI Engineer Needed for Cloud Infrastructure Platform (Generative & Agentic AI),Pakistan,N/A,Hourly,Intermediate,N/A,"Artificial Intelligence, Python, Google Cloud Platform, Machine Learning, Deep Learning",1
Senior AI Engineer & Automation Specialist,United States,$30.00,Fixed-price,Intermediate,5.0,"Machine Learning, Artificial Intelligence, Data Science, TensorFlow, JavaScript, Amazon Web Services, Python, API, Natural Language Processing",1
AI Engineer Needed for Agentic Workflow Development,Pakistan,$15.00,Hourly,Intermediate,5.0,"LangChain, OpenAI API, Python, JavaScript, Artificial Intelligence, API, Chatbot Development, FastAPI, LLaMA",1
AI engineer,Ukraine,N/A,Hourly,Intermediate,N/A,"Artificial Intelligence, Machine Learning",1
"Next.js Full-Stack Engineer for AI-powered SaaS MVP (Supabase, Stripe, GCP, OpenAI)",United Kingdom,$5.00,Fixed-price,Intermediate,5.0,"Next.js, Tailwind CSS, React, Google Cloud Platform, OpenAI API, JavaScript, TypeScript, PostgreSQL, Supabase, Node.js",1
AI Full-Stack Engineer for Chatbot Development,Canada,$25.00,Hourly,Expert,N/A,"Python, Artificial Intelligence, Node.js, Chatbot Development, API",1
"AI Engineer: Expert in Python, NLP, Generative AI, Spark, Databricks, Azure & OpenAI",Spain,$30.00,Hourly,Intermediate,N/A,"Databricks Platform, Machine Learning, Python, Azure DevOps, Generative AI, Azure OpenAI Service, Cloud Foundry",1
Staff/Senior Software Engineer ‚Äì Applied AI (HealthTech),United States,$70.00,Hourly,Expert,5.0,"Artificial Intelligence, Python, API, Machine Learning, JavaScript, Java, C#, TensorFlow",2
Expert AI/ML Engineer Needed for LLM Project Development,United States,$30.00,Hourly,Expert,5.0,"Python, Machine Learning, Artificial Intelligence, TensorFlow, Data Science, LLM Prompt Engineering, LLaMA, Deep Learning, Natural Language Processing, Artificial Neural Network",2
"Senior Backend Engineer ‚Äì Queue/Scheduler, Telephony, AI Voice Bot Infrastructure",United States,$20.00,Hourly,Expert,5.0,"MongoDB, Python, Node.js, Celery, API, Twilio API, retell ai, vapi, System Architecture",2
AI Engineer Needed for Cloud Infrastructure Platform (Generative & Agentic AI),Pakistan,N/A,Hourly,Intermediate,N/A,"Artificial Intelligence, Python, Google Cloud Platform, Machine Learning, Deep Learning",2
Senior AI Engineer & Automation Specialist,United States,$30.00,Fixed-price,Intermediate,5.0,"Machine Learning, Artificial Intelligence, Data Science, TensorFlow, JavaScript, Amazon Web Services, Python, API, Natural Language Processing",2
AI Engineer Needed for Agentic Workflow Development,Pakistan,$15.00,Hourly,Intermediate,5.0,"LangChain, OpenAI API, Python, JavaScript, Artificial Intelligence, API, Chatbot Development, FastAPI, LLaMA",2
AI engineer,Ukraine,N/A,Hourly,Intermediate,N/A,"Artificial Intelligence, Machine Learning",2
"Next.js Full-Stack Engineer for AI-powered SaaS MVP (Supabase, Stripe, GCP, OpenAI)",United Kingdom,$5.00,Fixed-price,Intermediate,5.0,"Next.js, Tailwind CSS, React, Google Cloud Platform, OpenAI API, JavaScript, TypeScript, PostgreSQL, Supabase, Node.js",2
AI Full-Stack Engineer for Chatbot Development,Canada,$25.00,Hourly,Expert,N/A,"Python, Artificial Intelligence, Node.js, Chatbot Development, API",2
"AI Engineer: Expert in Python, NLP, Generative AI, Spark, Databricks, Azure & OpenAI",Spain,$30.00,Hourly,Intermediate,N/A,"Databricks Platform, Machine Learning, Python, Azure DevOps, Generative AI, Azure OpenAI Service, Cloud Foundry",2
"Frontend Engineer Needed to Build Advanced UI for AI-Driven Trading Platform (Tailwind, React)",United States,$5.00,Hourly,Expert,5.0,"Tailwind CSS, Next.js, TypeScript, Front-End Development, UI Animation, React, REST API, web sockets",3
AI Creative Engineer ‚Äì Food & Fashion Brand Visuals,United Arab Emirates,$30.00,Fixed-price,Intermediate,5.0,"AI Image Generation, AI Image Editing, Midjourney AI, Adobe Photoshop, Photo Retouching",3
AI Prompt Engineer for Recruiting and Sales Pipelines,USA,"$2,000.00",N/A,Intermediate,N/A,"LinkedIn Recruiting, Artificial Intelligence, Machine Learning, JavaScript, React, Node.js, bolt.new, claude code, windsurf, Prompt Engineering",3
AI Engineer Needed for Agentic Workflow Development,Pakistan,$15.00,Hourly,Intermediate,5.0,"LangChain, OpenAI API, Python, JavaScript, Artificial Intelligence, API, Chatbot Development, FastAPI, LLaMA",3
Prompt Engineer / Conversation Designer for AI Persona Refinement,USA,$400.00,N/A,Expert,4.4,"LLM Prompt, LLM Prompt Engineering, mythosmax, Node.js, Prompt Engineering, Chatbot, Chatbot Prompt, Chatbot Conversation Steps, Chatbot Flow Design",3
Student Recruitment for Online AI Engineering Academy,Colombia,$5.00,Hourly,Intermediate,5.0,"Content Marketing, Content Writing, Adobe Illustrator, Writing",3
Full-Stack Software Engineer - AI SEO SaaS Startup,United States,$15.00,N/A,Intermediate,N/A,"Node.js, MongoDB, API Development, React, JavaScript, Amazon Web Services, Artificial Intelligence, SaaS",3
Chatbot Developer & AI Automation Engineer to join our team,Netherlands,$10.00,Hourly,Entry level,5.0,"AI Chatbot, ChatGPT API Integration, Python, Artificial Intelligence, voiceflow, vapi, Chatbot Development",3
AI Voice Automation Engineer,United States,N/A,Hourly,Expert,N/A,"Artificial Intelligence, Machine Learning, Natural Language Processing, Chatbot Development",3
Senior AI Systems Engineer / No-Code Solutions Architect,Australia,$6.82 /hr avg hourly rate paid,Hourly,Expert,4.8,"no-code/low-code, ReactJS, NextJS, FlutterFlow, Xano, API Orchestration, vector databases",3
"Frontend Engineer Needed to Build Advanced UI for AI-Driven Trading Platform (Tailwind, React)",United States,$5.00,Hourly,Expert,5.0,"Tailwind CSS, Next.js, TypeScript, Front-End Development, UI Animation, React, REST API, web sockets",4
AI Creative Engineer ‚Äì Food & Fashion Brand Visuals,United Arab Emirates,$30.00,Fixed-price,Intermediate,5.0,"AI Image Generation, AI Image Editing, Midjourney AI, Adobe Photoshop, Photo Retouching",4
AI Prompt Engineer for Recruiting and Sales Pipelines,USA,"$2,000.00",N/A,Intermediate,N/A,"LinkedIn Recruiting, Artificial Intelligence, Machine Learning, JavaScript, React, Node.js, bolt.new, claude code, windsurf, Prompt Engineering",4
AI Engineer Needed for Agentic Workflow Development,Pakistan,$15.00,Hourly,Intermediate,5.0,"LangChain, OpenAI API, Python, JavaScript, Artificial Intelligence, API, Chatbot Development, FastAPI, LLaMA",4
Prompt Engineer / Conversation Designer for AI Persona Refinement,USA,$400.00,N/A,Expert,4.4,"LLM Prompt, LLM Prompt Engineering, mythosmax, Node.js, Prompt Engineering, Chatbot, Chatbot Prompt, Chatbot Conversation Steps, Chatbot Flow Design",4
Student Recruitment for Online AI Engineering Academy,Colombia,$5.00,Hourly,Intermediate,5.0,"Content Marketing, Content Writing, Adobe Illustrator, Writing",4
Full-Stack Software Engineer - AI SEO SaaS Startup,United States,$15.00,N/A,Intermediate,N/A,"Node.js, MongoDB, API Development, React, JavaScript, Amazon Web Services, Artificial Intelligence, SaaS",4
Chatbot Developer & AI Automation Engineer to join our team,Netherlands,$10.00,Hourly,Entry level,5.0,"AI Chatbot, ChatGPT API Integration, Python, Artificial Intelligence, voiceflow, vapi, Chatbot Development",4
AI Voice Automation Engineer,United States,N/A,Hourly,Expert,N/A,"Artificial Intelligence, Machine Learning, Natural Language Processing, Chatbot Development",4
Senior AI Systems Engineer / No-Code Solutions Architect,Australia,$6.82 /hr avg hourly rate paid,Hourly,Expert,4.8,"no-code/low-code, ReactJS, NextJS, FlutterFlow, Xano, API Orchestration, vector databases",4
Experienced AI Engineer,United States,$30.00,Hourly,Intermediate,4.9,"Python, Amazon Web Services, JavaScript, MySQL, API",5
AI Voice Cloning & Video Lip-Sync Developer (Software + Sound Engineering),United States,$25.00,Hourly,Expert,5.0,"API Integration, Audio Editing, Artificial Intelligence",5
"AI Prompt Engineer for Automation of Ops, Onboarding, and Recruiting Flows",USA,$20.00,N/A,Intermediate,N/A,"Python, DevOps, Chatbot Development, Robotic Process Automation, Artificial Intelligence",5
Voice AI Prompt Engineering,USA,$20.00,Hourly,Expert,5.0,"GPT Chatbot, Productivity Chatbot, Chatbot Training, Conversational AI, Speech Synthesis, Ruby, Artificial Intelligence",5
Founding Engineer ‚Äî Low-Latency Backend + AI/RAG (No Agencies),India,$10.00,Hourly,Expert,5.0,"Web Application, AI Bot, AI Development, Amazon Web Services, Python, API, Artificial Intelligence, Node.js, React, JavaScript",5
AI Video Editor/Prompt Engineer For Direct Response Adss,United States,$20.00,Hourly,Expert,5.0,"Video Editing, Artificial Intelligence, Marketing, meta ads",5
Senior Prompt Engineer (LLM / AI Specialist ‚Äì Freelance),Australia,$25.00,Hourly,Expert,N/A,"ChatGPT, AI Agent Development, AI-Generated Code, LLM Prompt Engineering, ElevenLabs, Whisper AI, Claude 3, Artificial Intelligence",5
Founding Senior Engineer for AI-native Enterprise SaaS,United States,$50.00,Hourly,Expert,N/A,"Google Cloud Platform, React, Node.js, TypeScript, PostgreSQL, GCP",5
ML / AI Engineer,Czech Republic,$20.00,Hourly,Entry level,N/A,"Artificial Intelligence, AWS SageMaker, Data Science, AWS Bedrock, Machine Learning, Python",5
Senior AI Engineer ‚Äì Candidate Matching Platform,Canada,$10.00,Hourly,Expert,5.0,"Machine Learning, Artificial Intelligence, Data Science, TensorFlow, Google Cloud Platform, Deep Learning, Natural Language Processing",5
AI Copywriting Prompt Engineering Coach,USA,$30.00,Hourly,Expert,4.7,"Writing, Content Writing, Creative Writing, Copywriting",6
Senior Full-Stack Engineer (Next.js + Expo + Supabase + AI) ‚Äî Healthcare Platform,United States,$25.00,N/A,Expert,4.7,"Next.js, Node.js, AI App Development, TypeScript, Expo.io, Supabase, HIPAA",6
"Senior AI/LLM Product Engineer (EdTech, Production-Grade)",SAU,Fixed-price $955.00,N/A,Intermediate,4.5,"JavaScript, TypeScript, PHP, React, Next.js, Node.js, Laravel, MySQL, Redis, REST API",6
Experienced AI / Data Engineer Needed,Australia,"$10,000.00",Fixed-price,Expert,N/A,"Python, Machine Learning, Data Science, Artificial Intelligence, Data Analysis",6
Nvelope AI ‚Äì Senior Full-Stack Engineer (Go-To-Market Hardening) inc Firebase +Stripe,Australia,$25.00,Hourly,Expert,N/A,"Google Cloud Platform, React, Python, API, Firebase, Stripe, i18n",6
AI Prompt Engineer & Automation Developer,United States,$10.00,N/A,Entry level,5.0,"API Integration, AI Development, Python, workflow automation, JavaScript, n8n, HighLevel, Prompt Engineering, funnel building, Low-Code Development",6
"AI Full-Stack Engineer (Next-Gen Voice, Text & Image AI Systems) Overview",United Arab Emirates,$500.00,Fixed-price,Intermediate,5.0,"AI Agent Development, Artificial Intelligence, Machine Learning, Python, Ai devlopment, Full-Stack Development",6
Prompt Engineer for AI + Clay ICP Classification,USA,$10.00,N/A,Intermediate,N/A,"Artificial Intelligence, Prompt Engineering, ChatGPT API Integration, ChatGPT Prompt, Clay",6
"AI Agent Engineer: LangGraph/Chain | RAG | LLMs (test assignment for multiple projects, ongoing)",NLD,$15.00,Hourly,Intermediate,5.0,"Conversational AI, Python, OpenAI API, LangChain",6
Senior AI Integration Engineer,Pakistan,$25.00,Hourly,Expert,N/A,"Web Application, Website Redesign, AI App Development, AI Agent Development, API, Node.js, Python, Artificial Intelligence, React, JavaScript",6
Software Engineer ‚Äì AI Agent Development,United States,$15.00,N/A,Intermediate,5.0,"TypeScript, Artificial Intelligence, API",7
Backend engineer and AI/prompting Specialist,Canada,$15.00,Hourly,Intermediate,4.9,"Python, JavaScript, API, Amazon Web Services, Web Development",7
AI Prompt Prompt Engineer,United States,$30.00,Hourly,Expert,5.0,"AI Content Creation, AI Instruction, AI Model Development, AI Model Training, Claude 3, Python, Artificial Intelligence, Machine Learning",7
AI/ML Engineer ‚Äì Build Custom LLM-Powered Mental Health Companion (HIPAA-Compliant),USA,$65.00 /hr avg hourly rate paid,Hourly,Expert,N/A,"Python, Smartphone, AI Chatbot, LLM Prompt, LLM Prompt Engineering, LangChain, Vector Database, Artificial Intelligence",7
Prompt Engineer / Conversation Designer for Immersive AI Chat Platform,USA,$500.00,Fixed-price,Expert,4.4,"Node.js, Prompt Engineering, LLM Prompt Engineering, LLM Prompt, mythomax, openrouter",7
AI-Based Social Media Automation Tool ‚Äì Full Stack Developer / AI Engineer Needed,USA,$300.00,Fixed-price,Intermediate,N/A,"Python, Artificial Intelligence, Social Media Marketing, React",7
Nvelope AI ‚Äì Senior Full-Stack Engineer (Go-To-Market Hardening) inc Firebase +Stripe,Australia,$25.00,Hourly,Expert,N/A,"Google Cloud Platform, React, Python, API, Firebase, Stripe, i18n",7
Senior Python Engineer with AI Automation Skills,United States,$30.00,Hourly,Expert,4.9,"Python, Machine Learning, Artificial Intelligence, Data Science, TensorFlow",7
"Hands on AI Principal Engineer (Fractional) for AI Native Startup, will own the AI infrastructure",United States,$25.00,Hourly,Intermediate,4.2,"AI Agent Development, AI App Development, AI Implementation, AI Model Development, Artificial Intelligence, Machine Learning, Neural Network, Deep Learning, Python, Natural Language Processing",7
"LLM-based Chatbot Engineer (Python, AI/ML)",Romania,$30.00,Hourly,Expert,4.5,"OpenAI API, AI Bot, AI App Development, ChatGPT API Integration, Chatbot, Chatbot Development, Python, JavaScript, LLM Prompt Engineering",7
Emotional AI Engineer,United States,$100.00,Hourly,Expert,N/A,"Artificial Intelligence, TensorFlow, Machine Learning, Deep Learning, Natural Language Processing, Python, Data Analysis",8
AI Prompting & Automation Software Engineer (Contractor),United States,N/A,Hourly,Intermediate,N/A,"Artificial Intelligence, Test Automation Framework, Automation, API, Prompt Engineering",8
# Data Engineer / AI Systems Architect for M&A Intelligence Platform MVP,HKG,$30.00,Hourly,Expert,N/A,"Python, Vector Database, LangChain, PostgreSQL Programming",8
N/A,Sweden,$10.00,Hourly,Intermediate,5.0,"AI App Development, Python, Web Development, Chatbot Development, n8n",8
[FULL-TIME] Senior Full-Stack AI Agent Engineer,United States,"$2,400.00",Fixed-price,Expert,4.4,"Next.js, Tailwind CSS, OpenAI API, Python, AI Agent Development, React, Amazon Web Services, JavaScript",8
AI/ML Engineer ‚Äì Next-Generation Media Intelligence,Canada,$30.00,Hourly,Expert,5.0,"Python, Artificial Intelligence, Machine Learning, Artificial Neural Network, Natural Language Processing, TensorFlow, Deep Learning, Neural Network",8
AI/ML Engineer to Convert DWG or PDF Floor Plans into JSON Schemas,BIH,$25.00,Hourly,Expert,5.0,"AI Development, Machine Learning, AI Model Training, Machine Learning Algorithm, JSON",8
Ai & automation engineer,Canada,$10.00,Hourly,Intermediate,N/A,Artificial Intelligence,8
Machine Learning Engineer for AI-Powered Web Platform,Australia,$10.00,Hourly,Intermediate,5.0,"Python, Artificial Intelligence, Machine Learning, TensorFlow, Data Science",8
AI Engineer Needed for Innovative Project,GBR,$500.00,Fixed-price,Expert,5.0,Artificial Intelligence,8
"AI Prompt Engineer - Build Fast with Claude, ChatGPT & Modern Stack",United States,$3.00,Hourly,Intermediate,4.7,"API Integration, Full-Stack Development, Python, TypeScript, MySQL, Next.js, Prompt Engineering, React.js, FastAPI, AWS Services",9
Senior AI Engineer for an innovative AI-Editing tool,United States,$35.00,Hourly,Expert,N/A,Artificial Intelligence,9
AI Engineer for In-house Product Development,British Virgin Islands,$15.00,Hourly,Intermediate,N/A,"API Integration, Google Sheets Automation, Google Apps Script, Product Design, Supabase, SQL, Lovable, AI Product Management",9
Machine Learning Engineer for AI-Powered Dating Platform (Founding Role Opportunity),United States,$5.00,Hourly,Expert,5.0,"Reinforcement Learning, Supervised Learning, Unsupervised Learning, Deep Learning, Artificial Intelligence, Machine Learning, Natural Language Processing, Artificial Neural Network, TensorFlow, Python",9
Fractional AI/ML Engineer - Azure Client-App Lead,United States,$60.00,Hourly,Expert,N/A,"Microsoft Azure, Python, Docker, IaC, CI/CD, PII encryption, SaaS Development",9
AI Receptionist Prompt Engineer (Retell.ai),United States,$10.00,Hourly,Intermediate,N/A,"Lead Generation, Artificial Intelligence, Natural Language Processing",9
Backend + AI Engineer(s) for Solana Trading Bot & Terminal (Discord/TG + Web),Madagascar,$80.00,N/A,Expert,5.0,"Database, SQL, GraphQL, Python, Node.js, API, Artificial Intelligence, API Integration, Solana, Bot Development",9
Senior AI Agent Engineer (Shopify/DTC) ‚Äî Build a Telegram ‚ÄúOperations & Analytics Copilot‚Äù,United States,$30.00,N/A,Expert,5.0,"AI Development, AI Agent Development, AI agents, API Integration, Shopify, API",9
Senior Python/AI Engineer Needed for Innovative Project,UKR,$10.00,Hourly,Expert,5.0,"Python, Machine Learning, TensorFlow, Data Science, Artificial Intelligence",9
An expert AI engineer is needed to build an AI agent,United States,$13.48 /hr avg hourly rate paid,Hourly,Expert,4.8,"AI Agent Development, Artificial Intelligence",9
Senior Full-Stack / Backend Engineer ‚Äì Real Estate CRM + AI Integration + SMS/Email Integration,Cayman Islands,$10.00,Hourly,Expert,5.0,"Node.js, Twilio API, ChatGPT API Integration, CRM APIs, FollowUpBoss, OpenAI / LLM APIs, MLS APIs, API, Digital Ocean, Prisma",10
Backend Software Engineer (Generative AI and Agentic AI integration),Australia,$25.00,Hourly,Intermediate,N/A,"Python, AI Model Integration, API Integration, AI Agent Development, Container, Database Integration",10
AI Copywriting Prompt Engineering Coach,USA,$30.00,Hourly,Expert,4.7,"Writing, Content Writing, Creative Writing, Copywriting",10
Need an AI first Engineer with ability to build full stack and work with LLMs,India,$25.00,Hourly,Expert,5.0,"AI Agent Development, Python, LLM Prompt Engineering, Vector Database, Web Development, Cloud Architecture",10
Looking for an AI Engineer,Israel,$6.26 /hr avg hourly rate paid,N/A,Expert,4.9,"Web Design, Landing Page, API Integration, Bug Fix, Ecommerce Backup & Migration, PHP, Web Development, HTML, API",10
Prompt Engineer for AI Driven App Development,United States,$15.00,Hourly,Intermediate,5.0,"OpenAI API, Android, Python, JavaScript, Java, Artificial Intelligence, Prompt Engineering",10
Sr AI Engineer needed for AI job matching system,Canada,$8.00,Hourly,Intermediate,5.0,"Artificial Intelligence, Python, cursor, Machine Learning, LLM Prompt Engineering, OpenAI API",10
AI/ML Engineer ‚Äì Immediate Plan Review + Whisper STT & LoRA NLP Build,Portugal,$30.00,Hourly,Expert,5.0,"Automatic Speech Recognition, NLP Tokenization, AI Model Integration, Data Preprocessing, AI App Development, AI Implementation, Python, Machine Learning",10
Lead AI Engineer RAG Platform,Canada,$40.00,Hourly,Intermediate,4.9,"PostgreSQL, Azure DevOps, Python, AI Agent Development",10
Senior n8n Automation Engineer + AI Agent Orchestrator (Individual Only ‚Äî No Agencies),Canada,$15.00,Hourly,Expert,4.9,"Artificial Intelligence, n8n, ai agents, workflow automation, LLM Orchestration, Notion API, Slack API, JavaScript",10
Full Stack Engineer Specializing in AI Development,United States,$25.00,Hourly,Intermediate,N/A,"Full-Stack Development, Artificial Intelligence",11
WANTED: AI Engineer ‚Äì Conversational Training for Real Estate Qualification Calls,United Arab Emirates,$8.00,Hourly,Expert,5.0,"Tech & IT, Sales & Marketing, Education, B2C Marketing, Cold Calling, Data Entry, Customer Service, Telemarketing, Telemarketing Scriptwriting, Outbound Sales",11
AI Engineer,United States,$15.00,Hourly,Intermediate,N/A,"Artificial Intelligence, Neural Network, Python, TensorFlow, Machine Learning, Artificial Neural Network, Deep Learning, Algorithm Development, Deep Neural Network",11
Senior LLM Pipeline Engineer ‚Äì AI Architect for Generative AI Systems,Cayman Islands,$10.00,Hourly,Expert,5.0,"Python, LLMs, Generative AI, LangChain, Vector Databases, AWS Bedrock, GCP, LaTeX, LLM Prompt Engineering",11
Hands-on AI Engineer GCP Vertex AI Experience.,United States,$12.00,Hourly,Intermediate,5.0,"AI Model Development, Chatbot Development, Python, Google Cloud Platform, Artificial Intelligence",11
AI Prompt Engineer for Structured HTML Product Descriptions (ATM Parts),United States,$10.00,Fixed-price,Intermediate,4.2,N/A,11
AI Engineer Needed: Instruct-Pix2Pix Image Recoloring with Exact Color Matching,Canada,$100.00,Fixed-price,Intermediate,4.6,"Stable Diffusion, Diffusion Model, CUDA, FastAPI",11
"AI Solutions & Prompt Engineer (Chatbots, Voice AI, and Automation Platforms) - Philippines",Australia,"$1,200.00",Fixed-price,Expert,4.3,"Conversational AI, AI Chatbot, Chatbot Integration, Artificial Intelligence, Chatbot Development, Machine Learning, Natural Language Processing, AI Agent Development, AI Builder, AI integration",11
Full Stack + AI Engineer,Switzerland,$10.00,Hourly,Intermediate,5.0,"Web Application, Full-Stack Development, Software Debugging, Python",11
AI Engineer Needed for SaaS MVP Development,United Kingdom,$15.00,Hourly,Intermediate,4.1,"TypeScript, AI Development, API Integration, Full-Stack Development, Web Application, Database Development, Python, React, Amazon Web Services, JavaScript",11
"Python + AI Backend Engineer (Hourly, FastAPI, LLM Ops) ‚Äî Immediate Start",United States,$15.00,Hourly,Intermediate,N/A,"Django, OpenAI API, AI App Development, AI Bot, Python, FastAPI, REST API, Python Asyncio, Vector Database, aws/gcp",12
Sr. AI Engineer,Czech Republic,$35.00,Hourly,Expert,N/A,"Azure Machine Learning, Python, Artificial Intelligence, FastAPI, Data Science",12
AI Engineer Needed for Innovative Projects,United States,$10.00,Hourly,Intermediate,N/A,"LLM Prompt Engineering, Python, Artificial Intelligence, Machine Learning, Data Scientist",12
"Senior Document AI Engineer (LLM, LayoutLM) for Information Extraction",United States,$39.50 /hr avg hourly rate paid,Hourly,Expert,4.7,"Document AI, Data Extraction, Python, LLM Prompt Engineering, LLM fine tuning, Accuracy Verification",12
Senior Prompt Engineer (LLM / AI Specialist ‚Äì Freelance),South Africa,$25.00,Hourly,Expert,N/A,"ChatGPT, AI Agent Development, AI-Generated Code, LLM Prompt Engineering, Whisper AI, ElevenLabs, Claude 3, Artificial Intelligence",12
Senior Customer Success Engineer (AI Voice Automation),United Kingdom,$14.00,N/A,Expert,5.0,"Customer Service, Chatbot Development, Customer Support",12
AI Engineer,BHR,$15.00,Hourly,Intermediate,4.9,"Azure Machine Learning, Open AI, Gemini, Vertex AI, LangChain",12
Backend Engineer Needed for Eleven Labs Conversational AI Project,United States,$24.87 /hr avg hourly rate paid,Hourly,Intermediate,4.8,"Python, API, Node.js, eleven labs, Conversational AI",12
"AI-Augmented Systems Engineer with Supabase, NetSuite & BigCommerce Expertise",United States,$15.00,N/A,Intermediate,5.0,"JavaScript, API, API Integration, HTML, Python, SQL, Oracle NetSuite",12
"Prompt Engineer / AI Specialist (Azure OpenAI, NLP)",Australia,$15.00,Hourly,Intermediate,4.8,"Python, Prompt Engineering, Azure OpenAI Service, AI Prompt Optimization, OpenAI API",12
Senior Video Editing Platform Builder & AI Integration Engineer,USA,$25.00,Hourly,Expert,N/A,"API Integration, AI Model Integration, JavaScript, Python, React, Node.js, API, FFmpeg, bolt.new",13
Engineer to build an AI memory system on top of Graphiti,GBR,$12.46 /hr avg hourly rate paid,Hourly,Expert,5.0,"Artificial Intelligence, Python, Neural Network, Artificial Neural Network, Machine Learning, Deep Learning",13
Technical Co-Founder/CTO Needed for AI-Driven Engineering Software,Albania,N/A,Hourly,Expert,N/A,"Artificial Intelligence, Machine Learning",13
AI Agent Engineer ‚Äî Company-Wide Diligence & Efficiency Insights,United States,$13.81 /hr avg hourly rate paid,Hourly,Expert,5.0,"Machine Learning, AI Agent Development, Business Intelligence",13
"Next.js + GCP Full-Stack Engineer | YouTube Summarizer MVP (Supabase, Stripe, OpenAI)",United States,"$2,500.00",Fixed-price,Expert,3.3,"Next.js, Tailwind CSS, Google Cloud Platform, Node.js, OpenAI API, JavaScript, PostgreSQL, react.js, Supabase, Stripe",13
Senior Machine Learning Engineer / Senior AI Engineer (Contract) (Full time/Part time),United States,$15.00,Hourly,Expert,4.6,"Python, Data Science, Machine Learning, JavaScript, React, Artificial Intelligence, Natural Language Processing, Amazon Web Services",13
Prompt Engineer (AI Animal Training Assistant),Germany,$49.93 /hr avg hourly rate paid,Hourly,Expert,5.0,"React, chat gpt, Artificial Intelligence",13
Full-Stack AI Automation Engineer for Bond Cleaning Company,South Africa,$100.00,Fixed-price,Expert,N/A,"PHP, API Development, Python, JavaScript, API, Machine Learning, Amazon Web Services, Website",13
Text-to-Image AI Engineer (China Only),United States,$10.00,Hourly,Expert,5.0,"AI Agent Development, AI Model Integration, Artificial Intelligence, Machine Learning, AI Image Generation, Chinese",13
AI & Automation Engineer ‚Äì Legal Transcripts ‚Üí Auto-Generated Documents (CMS Integration),United Kingdom,$160.00,Fixed-price,Expert,N/A,"AI Bot, AI Agent Development, AI Model Integration, Automation, API, Artificial Intelligence",13
Full-Stack Engineer - Enterprise Voice AI Platform,United States,$20.00,N/A,Intermediate,N/A,"Next.js, Tailwind CSS, Full-Stack Development, Nest.js, Prisma, Shadcn",14
AI/SLAM/Autonomy Engineer,United States,$19.58 /hr avg hourly rate paid,Hourly,Expert,5.0,"OpenCV, Artificial Intelligence, SLAM, ArduPilot",14
Backend Engineer Needed for AI Company Development,USA,$15.00,Hourly,Expert,N/A,"Python, API, JavaScript, Web Development, Amazon Web Services",14
AI Prompt Engineer / LLM Specialist for Agricultural Data App (GPT-4.1 ‚Üí GPT-5),USA,$30.00,N/A,Expert,N/A,"AI Development, AI App Development, AI Agent Development, Machine Learning",14
AI Workflow Engineer (LangFlow + MCP) ‚Äì Fast-Track Deployment,USA,$20.00,Hourly,Expert,N/A,"LangChain, Microsoft Azure, AI Agent Development, langflow, MCP Protocol, CRM Automation, agentic ai",14
"Full-Stack AI Engineer: AI MVPs, Automation & Data Pipelines""",USA,$15.00,Hourly,Intermediate,N/A,"TypeScript, React, Full-Stack Development, Python, Machine Learning, Data Engineering, Node.js, Artificial Intelligence, n8n",14
AI Engineer ‚Äì Multi-Agent Systems for Healthcare,United States,$25.00,Hourly,Expert,N/A,"AI Agent Development, Healthcare",14
Machine Learning Engineer (RAG & LLM Integration) ‚Äì Metadata-Driven AI Assistant MVP,United Kingdom,"$10,000.00",Fixed-price,Expert,5.0,"Machine Learning, Natural Language Processing, Large Language Model, Python, Amazon Web Services",14
Senior Backend Engineer for AI Platform Development,United States,$11.00,Hourly,Expert,4.0,"Python, API, JavaScript, Amazon Web Services, React",14
Expert AI Agent Debugging & Optimization Engineer (Fixed-Time Contract),United States,$5.00 /hr avg hourly rate paid,Hourly,Expert,5.0,"Python Engineering, Vector Database Mastery, Cloud & Infrastructure, Observability & Monitoring, Independent Delivery, Python, Amazon Web Services, Machine Learning, DevOps",14
n8n AI Agent Wizard Engineer for Multiple jobs,Australia,$15.00,Hourly,Intermediate,4.4,"AI Agent Development, Artificial Intelligence, Automation, API",15
Generative AI Solutions Engineer to build AI agents,Australia,$25.00,Hourly,Intermediate,N/A,LangChain,15
FFmpeg/Python Engineer ‚Äî Speed Up AI Video Pipeline + Subtitles + Multi-Channel,AUS,"$1,500.00",Fixed-price,Expert,4.1,"AI Agent Development, FFmpeg, Python, Machine Learning, Artificial Intelligence, Video Animation, AWS CodeDeploy, ngrok, AWS CodePipeline",15
AI Prompt Engineer for Recruiting and Sales Pipelines,USA,"$2,000.00",N/A,Intermediate,N/A,"LinkedIn Recruiting, Artificial Intelligence, Machine Learning, JavaScript, React, Node.js, bolt.new, claude code, windsurf, Prompt Engineering",15
Senior AI Image Gen Engineer (Freelance),USA,$34.40 /hr avg hourly rate paid,N/A,Expert,4.9,"Python, LoRa, Stable Diffusion",15
AI Video Production Specialist / Prompt Engineer,United States,$15.00,N/A,Intermediate,5.0,"MP4, AI-Generated Video, Short Video Ad, Social Media Video, Runway Gen-2, Adobe After Effects, Artificial Intelligence, Video Production",15
AI/ML Engineer for Predictive SaaS Tool (Restaurant & Retail Focus),USA,Fixed-price,Hourly,Expert,N/A,"Machine Learning, Artificial Intelligence, Python, Data Science, FastAPI, SaaS",15
AI Developer/ Engineer,United Kingdom,$19.00,Hourly,Intermediate,N/A,"AI Agent Development, Artificial Intelligence, Machine Learning, Automated Workflow",15
AI Automation Platform Engineer (n8n / AI Agent SaaS),Nigeria,"$1,000.00",Fixed-price,Intermediate,4.3,"AI Agent Development, Web Application, AI App Development, Full-Stack Development, Artificial Intelligence, n8n, API, Python, Machine Learning",15
NVIDIA-Certified Engineer to Produce Professional AI Infrastructure Deployment Demo,United States,$104.10 /hr avg hourly rate paid,N/A,Expert,5.0,"DevOps, Kubernetes, Machine Learning, GPU",15
Senior AI & Full-Stack Engineer (Python/React) Needed,Canada,$20.00,Hourly,Expert,N/A,"JavaScript, React, Python, Amazon Web Services, Django, FastAPI",16
AI Engineer for Real Estate Product Development,United States,N/A,Hourly,Intermediate,N/A,"Adobe Illustrator, Graphic Design, 3D Modeling, Python, Product Design",16
"GTM Engineer / Growth Hacker ‚Äî AI & Marketing Automation (Full-Time, Remote)",Spain,$3.00,Hourly,Intermediate,3.9,"Lead Generation, Marketing Strategy, Marketing Automation, A/B Testing",16
Junior Full-Stack Engineer for AI-Powered eCommerce Platform,Bangladesh,$350.00,Fixed-price,Intermediate,4.8,"Python, Node.js, React, Amazon Web Services, JavaScript",16
Full-Stack AI Engineer for AI Bot Survey Platform Development,United States,$25.00,Hourly,Expert,5.0,"Python, Artificial Intelligence, API, JavaScript, Machine Learning",16
Fullstack Engineer with ML/ AI Knowhow for improvments in Network anomaly detection system,Switzerland,$19.00,N/A,Intermediate,4.7,"Python, Machine Learning, Data Science, htlm",16
AI/ML Engineer Needed for Quick NLP Task,United States,$10.00,Fixed-price,Expert,5.0,"Python, Machine Learning, Artificial Intelligence, Natural Language Processing, TensorFlow, Data Science, Deep Learning",16
üöÄ AI Automation Engineer (n8n / GPT / Clay): Help Us Build the AI Delivery Arm of Our Agency,United Kingdom,$20.00,Hourly,Expert,4.9,"Python, AI Agent Development, AI Bot, Artificial Intelligence, n8n, Make.com, Zapier",16
AI Automation/Implementation Engineer,United Arab Emirates,$10.00,Hourly,Intermediate,5.0,"Python, Machine Learning, Artificial Intelligence",16
AI Engineer for Smart Lead Router + FAQ Helper,KOR,N/A,Hourly,Intermediate,N/A,"Penetration Testing, System Administration, Google Cloud Platform, Amazon Web Services, Terraform, Kubernetes, Rust, GitHub, CI/CD, Consul",16
AI Prompt Engineer / ChatGPT Expert to Build Custom Whiteboard Illustration Generator for CPA Firm,Canada,$14.21 /hr avg hourly rate paid,Hourly,Expert,4.9,"custom GPT, Prompt Engineering",17
Full-Stack AI Engineer for Operations & Logistics Application,United States,$15.00,Hourly,Intermediate,3.9,"AI Agent Development, Full-Stack Development, Python, JavaScript, API, API Integration, Web Application",17
Backend Engineer Needed for AI Project,India,$15.00,Hourly,Intermediate,4.9,"Python, Artificial Intelligence, API, TensorFlow, Machine Learning",17
AI App Engineer (Python/React),United States,$25.00,Hourly,Expert,5.0,"Django, OpenAI API, AWS Lambda, AI Model Integration, Python, React, n8n",17
Blender Engineer for Synthetic Data Pipeline + AI Computer Vision Training,Portugal,$10.00,N/A,Intermediate,4.8,"PyTorch, Computer Vision, Machine Learning, Blender, Keras, Deep Learning",17
"AI Engineer Needed for Machine Learning, Deep Learning and AI Solutions",United Kingdom,$30.00,Hourly,Expert,5.0,"PyTorch, Artificial Intelligence, Artificial Neural Network, Machine Learning, TensorFlow, Deep Learning, Neural Network, Deep Neural Network, Computer Vision",17
"Senior Next.js 15 + React 19 Engineer for AI‚ÄëPowered App (tRPC, Prisma, E2B)",United States,$15.00,Hourly,Expert,N/A,"AI Agent Development, AI Development, Web Application, Docker, PostgreSQL, React, nextjs, Inngest",17
N/A,N/A,N/A,N/A,N/A,N/A,N/A,17
N/A,United States,"$5,000.00",Fixed-price,Expert,4.5,"REST API, TypeScript, GitHub, NGINX, PostgreSQL, Amazon Web Services, Backend Development, CI/CD, Node.js, Docker",17
Data & AI Infrastructure Engineer (Data Integration | AIOps | DevOps),United Kingdom,$14.97 /hr avg hourly rate paid,N/A,Intermediate,4.8,"Database Architecture, Database Design, Python, DevOps, ETL Pipeline, Apache Kafka, TensorFlow, Data Science",17
NLP AI Engineer to implement Antrhopic Agent for NLP-2-MSSQL and C#,Israel,$19.00,Hourly,Intermediate,4.9,"SQL, AI Agent Development, Natural Language Processing, Artificial Intelligence, Machine Learning, Data Science, C#, Azure ML, MCP, Claude 3.5 Sonnet",18
Google Ads Growth Engineer (AI + Creative CPA Hacker),Australia,$11.00,Hourly,Expert,4.9,"Google Ads, Marketing Strategy",18
"Long-Term AI Specialist Wanted | NLP, Chatbot, Automation & Prompt Engineering",India,$20.00,Hourly,Intermediate,5.0,"Natural Language Processing, Artificial Intelligence, Python, Chatbot Development, Machine Learning, TensorFlow, Deep Learning, Data Science",18
AI / LLM Integration Engineer,India,$10.00,Hourly,Intermediate,N/A,"Artificial Intelligence, Python, Deep Learning",18
Senior AI Image Gen Engineer,United States,$10.00,Fixed-price,Intermediate,5.0,"Python, LoRa, Stable Diffusion, Artificial Intelligence, Machine Learning",18
Junior Full-Stack Engineer for AI-Powered eCommerce Platform,Bangladesh,$350.00,Fixed-price,Intermediate,4.8,"Python, Node.js, React, Amazon Web Services, JavaScript",18
AI Automation Engineer - Marketing,United Kingdom,$19.00,Hourly,Intermediate,5.0,"Artificial Intelligence, n8n, Chatbot Development, Marketing Automation, Machine Learning, Natural Language Processing, Zapier",18
"AI Automation Engineer for E-Commerce (n8n, MCP, Vector Expertise)",GBR,$25.00,Hourly,Expert,4.0,"n8n, MCP, Vector Database, AI Automation",18
Software Engineer ‚Äì EHR Integration & AI Models,United States,Fixed-price $180.00,Hourly,Intermediate,4.5,"API, Python, Artificial Intelligence, Machine Learning, Deep Learning, Natural Language Processing, Artificial Neural Network",18
CREATIVE Full-Stack Engineer / Product Builder (AI + Social Platform),United Kingdom,"$5,000.00",Fixed-price,Expert,N/A,"Website Redesign, AI Development, AI App Development, Graphic Design, Web Development, Python, Node.js, React, API, Web Design",18
AI Artist & Prompt Engineer for Character Illustration Consistency and Poses,United States,$5.00,Hourly,Expert,N/A,"AI Image Generation, AI Image Editing, AI-Generated Art, Adobe Photoshop",19
Prompt Engineer for AI Real Estate Assistant with Low-Code + OpenAI API,Uzbekistan,$18.00,Hourly,Intermediate,N/A,"Prompt Engineering, OpenAI API, LLM Prompt Engineering, Low-Code Development, Supabase, API Integration, Chatbot Development, JavaScript, Node.js, PostgreSQL",19
Full Stack AI Engineer for SaaS Platform Development,Mexico,$15.00,Hourly,Intermediate,N/A,"React, Amazon Web Services, API, JavaScript, Python",19
Full stack engineer with AI,UKR,$8.00,Hourly,Expert,N/A,"Python, React, JavaScript, Artificial Intelligence, Machine Learning, API, API Integration, ETL Pipeline",19
Generative AI & Agentic AI Engineer,India,$3.00,Hourly,Intermediate,4.8,"Machine Learning, Artificial Intelligence, Deep Learning, Neural Network, Artificial Neural Network, TensorFlow, Natural Language Processing, deeplearn.js, Computer Vision",19
"Lead R&D Engineer ‚Äì Medical Imaging (CT‚ÄìFluoroscopy Registration, AI, SaMD)",ITA,$31.24 /hr avg hourly rate paid,Hourly,Expert,5.0,"Machine Learning, Artificial Intelligence",19
AI Image Engineer (LoRA / Diffusers) for Consistent Character Pipeline,United States,$50.00,Fixed-price,Intermediate,4.7,"Artificial Intelligence, Python, Machine Learning, Deep Learning",19
AI/LLM Engineer with RAG Expertise (Streaming + AI product),United States,$19.00,Hourly,Intermediate,N/A,"Python, AI Agent Development, Artificial Intelligence, Large Language Model",19
AI/ML Engineer (NLP + Interactive Learning Focus),United States,$30.00,Hourly,Expert,N/A,"AI App Development, Natural Language Processing, Machine Learning, Python, Artificial Intelligence, Deep Learning, Artificial Neural Network, App Game Kit, Interactive Prototype",19
AI Automation Engineer Needed for Innovative Project,United States,$10.00,Hourly,Intermediate,5.0,"Python, Artificial Intelligence, Machine Learning, TensorFlow, JavaScript",19
Data Scraping + AI/NLP + Automation Engineer (Make & n8n),United States,$11.17 /hr avg hourly rate paid,Hourly,Expert,5.0,"Machine Learning, Artificial Intelligence, Data Scraping, Natural Language Processing",20
AI Agent Developer Needed ‚Äì Node.js & Prompt Engineering Specialist,United States,$37.82 /hr avg hourly rate paid,Hourly,Intermediate,4.7,"Node.js, LLM Prompt Engineering",20
Python Engineer (AI/ML Platform),United States,$30.00,Hourly,Expert,5.0,"Machine Learning, Python, LangChain, FastAPI, Kubernetes",20
AI Agent & RAG Engineer,United States,N/A,Hourly,Expert,N/A,"Python, Node.js, LLM agent frameworks",20
Ai engineer,Turkey,N/A,Hourly,Expert,N/A,"AI Development, Deep Learning, Computer Vision, C++, Machine Learning, Python, SQL, Problem Solving, Artificial Intelligence, Front-End Development",20
Senior Node.js Backend Engineer for AI Media Generation Microservice,Estonia,$25.00,N/A,Expert,5.0,"Node.js, API, Amazon Web Services, JavaScript, Python",20
Full-Stack Software Engineer (Mobile Web & AI / Vibe Coding Friendly),United States,$71.78 /hr avg hourly rate paid,Hourly,Expert,5.0,"TypeScript, React, Python, Artificial Intelligence",20
Node.js & Python Engineer ‚Äî Improve an Offline AI Companion (Electron),United Arab Emirates,"$1,200.00",Fixed-price,Intermediate,4.9,"JavaScript, Python",20
AI Engineer Needed for Innovative Solutions,Ethiopia,$57.00,Hourly,Intermediate,N/A,"Python, Machine Learning, Artificial Intelligence, Data Science",20
AI Prompt Engineer & Editor/Engineer for High Quality Content Creation,United States,$10.00,Hourly,Intermediate,5.0,"ChatGPT, Business, Blog Content, Article, SEO Content, LLM Prompt Engineering",20
Full-Stack Engineer (AI + SaaS) ‚Äì Small Fixes & Updates,United States,$100.00,Fixed-price,Expert,N/A,"Next.js, SaaS, TypeScript, Python, PostgreSQL, React, Node.js, TailwindCSS",21
Software Engineers Needed for AI MVP App and SAAS Deployment,United States,$15.00,Hourly,Expert,N/A,"TypeScript, OpenAI API, Artificial Intelligence, React, API, Supabase, Apple Xcode, Security Analysis",21
"AI/ML Engineer ‚Äì Short-Term Contract (Agentic AI, Voice AI, Unstructured Data, Dashboard)",India,$15.00,Hourly,Expert,N/A,"AI Agent Development, Machine Learning, TensorFlow, Python, Artificial Intelligence, voice ai, agentic ai, CrewAI, AutoGen",21
Full-Stack Engineer (AI MVP),USA,$15.53 /hr avg hourly rate paid,Hourly,Expert,N/A,"Python, React, JavaScript, Node.js, API, API Integration",21
AI Engineer specialized in Email Sequencing and Automation,BHR,$6.62 /hr avg hourly rate paid,Hourly,Intermediate,4.9,"Generative AI, Large Language Model, AI Agent Development, Python, LangChain, LLaMA, LaMDA, Prompt Engineering, AI Model Training, Machine Learning",21
AI Engineer for Dating App Personal Companion & Matching recommendation,Taiwan,$15.00,Hourly,Intermediate,N/A,"Natural Language Processing, Hugging Face, LLM Prompt Engineering, LangChain, AI Agent Development",21
"Lead AI/ML Engineer (Hybrid + Graph RAG, Document Intelligence) ‚Äî Long-term (1‚Äì2 freelancers)",CHE,$10.00,Hourly,Expert,N/A,"Python, Natural Language Processing",21
AI Engineer,India,$6.00,Hourly,Expert,4.9,"Artificial Intelligence, Python",21
USD180/Data Engineer/Chinese MCQ AI Formatting & Adding answers/~70 files/within 1 Day,Singapore,$180.00,Fixed-price,Expert,5.0,"Python, Microsoft Excel, Data Scraping, English, Chinese",21
Full Stack Software Engineer (with AI Experience),Canada,$25.00,Hourly,Expert,5.0,"Microsoft Azure, OpenAI API, LangChain, DevOps, Python, Artificial Intelligence, API, Pinecone, Prompt Engineering, CI/CD",21
AI Systems Architect & Automation Engineer,United States,$20.00,Hourly,Intermediate,N/A,"AI Model Integration, Automation, CRM Automation, Zapier, Google APIs, UI/UX Prototyping, AI Agent Development, Machine Learning Model, Prompt Engineering, Cloud Architecture",22
Voice AI Prompt Engineer Needed,Norway,$5.00,N/A,Intermediate,4.8,"VAPI, Retell, Voice AI",22
Expert AI/ML Engineer Needed for Text-to-Vector Image MVP on Vertex AI,United Kingdom,$700.00,Fixed-price,Intermediate,5.0,"Model Deployment, AI Model Training, Diffusion Model, Google AutoML, Supervised Learning, Machine Learning, Python, TensorFlow, Artificial Intelligence, Deep Learning",22
Data Engineer (Python) with experience in Prompting and AI,United States,$12.00,Hourly,Expert,4.7,"Data Engineering, Data Integration, Apache Airflow, Docker, Python, Data Science, Artificial Intelligence, Backend, Data Scraping",22
Prompt Engineering Specialist ‚Äì AI Humanization,Turkey,"$1,000.00",Fixed-price,Expert,5.0,"AI Content Detection, AI Agent Development, LLM Prompt Engineering, ChatGPT Prompt",22
"Senior Full-Stack Engineer (React/Next.js, Node/Python, AI Integration) ‚Äî Long-Term Retainer",TUR,$25.00,Hourly,Expert,5.0,"Web Application, AI Agent Development, AI App Development, AI Model Integration, React, Node.js, Python, Amazon Web Services, API, API Integration",22
AI Engineer- Architect,India,N/A,Hourly,Expert,N/A,"Python, Artificial Intelligence, Machine Learning, Generative AI, LangChain, Machine Learning Model, Azure ML, Azure OpenAI Service, Data Science, Data Analysis",22
"AI Prompt Engineer for OnlyFans ""Style"" Creator Profiles",South Africa,$8.00,Fixed-price,Entry level,N/A,"Graphic Design, Copywriting, Article Writing, Content Strategy",22
Backend Engineer ‚Äì AWS & AI Automation,United States,$5.00,Hourly,Intermediate,5.0,"Amazon Web Services, AWS Lambda, Amazon S3, Python, Amazon DynamoDB",22
Senior Fullstack AI Engineer,India,$15.00,Hourly,Intermediate,N/A,"TypeScript, Next.js, React, Python, JavaScript",22
AI Engineering Upgrade needed for DocuClipper,Barbados,$150.00,Fixed-price,Intermediate,5.0,"Python, API Development, VB.NET, .NET Framework, Desktop Application",23
üé• Google VEO 3 Prompting Expert ‚Äì AI Video Scene Builder & Story Engineer,United States,$8.00,Hourly,Expert,5.0,"AI-Generated Video, VEO 3, Screne Builder, Story Engineer, AI Agents, AI Video Creation",23
NLP/Voice AI Engineer Needed for Innovative Project,Hong Kong,$19.00,Hourly,Intermediate,5.0,"Automatic Speech Recognition, NLP Tokenization, Artificial Intelligence, Natural Language Processing, TensorFlow, Machine Learning, Python, Whisper AI, Mistral 7B, vLLM",23
AI Engineer Needed for GenAI & ML Applications,ARE,$10.00,Hourly,Expert,5.0,"Machine Learning, Artificial Intelligence, Python, Data Science, Natural Language Processing, Neural Network, Deep Learning, TensorFlow, Artificial Neural Network",23
NLP/Voice AI Engineer Needed for Innovative Project,Hong Kong,$18.00,Hourly,Intermediate,5.0,"Artificial Intelligence, Natural Language Processing, TensorFlow, Machine Learning, Python",23
AI Prompt Engineer ‚Äì E-Commerce Marketing & Video Content Creation,Netherlands,$7.59 /hr avg hourly rate paid,Hourly,Expert,5.0,"AI Content Creation, Content Creation, Content Writing, Writing, Prompt Engineering",23
"Senior AI Engineer Team LLMs, LangChain, AI Agents, Web & App Development",ZAF,$570.00,Fixed-price,Expert,5.0,"AI Agent Development, Python, Artificial Intelligence, Machine Learning, TensorFlow, Amazon Web Services, JavaScript, Machine Learning Algorithm, API, React",23
AI Engineer with Whisper expertise,United Kingdom,$30.00,Hourly,Expert,4.9,"PyTorch, Artificial Intelligence, Python, Deep Learning, Natural Language Processing",23
AI Engineer,Nepal,$30.00,Hourly,Expert,N/A,"Artificial Intelligence, Python, TensorFlow, Machine Learning, Artificial Neural Network, Deep Learning, Chatbot Development",23
AI Audio Engineer - ElevenLabs / Suno,United States,$20.00,Hourly,Expert,5.0,"Audio Editing, ElevenLabs, Audio & Music Software, Music & Sound Design, Artificial Intelligence",23
Senior Lead Engineer (ML/AI),Poland,"$1,000.00",Fixed-price,Expert,N/A,"Python, Machine Learning, Artificial Intelligence, TensorFlow, Data Science",24
AI Prompt Engineer / Instructional Designer Needed for Learning Modules,United States,$500.00,Fixed-price,Intermediate,N/A,"Instructional Design, Articulate Storyline, Elearning, Online Instruction, Course, Prompt Engineering",24
AI Agent Engineer for Financial Solutions,United States,$9.36 /hr avg hourly rate paid,Hourly,Expert,5.0,"Artificial Intelligence, Python, Machine Learning, Data Science, Microsoft Excel",24
Personal Assistant / Full-Stack AI & Machine Learning Engineer,United States,$10.56 /hr avg hourly rate paid,Hourly,Expert,4.9,"AI Agent Development, AI-Generated Code, AI App Development, API Integration, Full-Stack Development, Python, Machine Learning, TensorFlow, Deep Learning, Artificial Intelligence",24
AI Engineer for Business Automation Project in Milan,Italy,$19.00,Hourly,Expert,N/A,"Artificial Intelligence, Python, TensorFlow, Project Management, Data Science, Natural Language Processing, Chatbot Development",24
AI Engineer for Fine-Tuning and Full-Stack Development,United States,$250.00,Fixed-price,Expert,4.8,"Microsoft Azure, Python, JavaScript, Web Development, Machine Learning, Hugging Face",24
AI Engineer (Expert Level),Philippines,N/A,Hourly,Expert,N/A,"AI App Development, AI Development, Edge AI, Explainable AI, Artificial Intelligence, Machine Learning, Data Science, Artificial Neural Network, Deep Learning, C++",24
AI Engineer Needed for Innovative Projects,Turkey,$3.00,Hourly,Expert,N/A,"Python, 3D Modeling, Artificial Intelligence, Product Design, Machine Learning",24
Chrome Extension Developer + AI/LLM Engineer Needed,USA,$3.00,Hourly,Expert,N/A,"AI Agent Development, AI Bot, ChatGPT API Integration, Google Chrome Extension, API",24
Prompt Engineer / AI Specialist for Sports Betting AI (Vercel AI SDK)- ON going work,ROU,Fixed-price $120.00,Hourly,Expert,N/A,Artificial Intelligence,24
"Senior Multi-Agent LangGraph/Langroid Engineer - LLM, RAG, LaTeX, Vector DBs, Healthcare AI",Cayman Islands,$10.00,Hourly,Expert,5.0,"Python, LLMs, Generative AI, Multi Agent, Vector Databases, GCP, Langroid, AWS Bedrock, LaTeX",25
"Backend Engineer - APIs, Integrations & AI-Ready Systems",United States,"$2,000.00",Fixed-price,Expert,4.2,"API, Python, RESTful API, API Development, API Integration, Amazon Web Services, Node.js, JavaScript",25
Senior AI Engineer ‚Äì RAG Pipeline Integration in .NET (LLMs + Vector DB),United Kingdom,$50.00,Fixed-price,Expert,5.0,"ASP.NET, Azure DevOps",25
"Senior Database Performance Engineer (SQL Server, PostgreSQL, AI Optimization)",United States,$10.00,Hourly,Expert,N/A,"Database Optimization, Query Analysis, Query Tuning, Query Optimization, SQL, PostgreSQL, Microsoft SQL Server",25
"Senior AI & Robotics Engineer (Contract, Part-Time)",India,N/A,Hourly,Expert,N/A,"C++, Python, nvidia cuda, nvidia issac, nvidia issac ros, Large Language Model, AI Model Development",25
Expert Power Systems Electrical Engineer for High-Current AI Data Center Hardware,United States,$35.00,Hourly,Intermediate,5.0,"Electrical Engineering, Circuit Design, MATLAB, Electronics",25
AI/ML Backend Engineer (Python & Agents),United States,$20.00,Hourly,Expert,5.0,"Python, Machine Learning, TensorFlow, Natural Language Processing, Data Science, Python Scikit-Learn, Artificial Intelligence, Flask, Deep Learning",25
Job Title: Full Stack Engineer ‚Äì AI-Powered Voice & Chat Agent Platform,Saudi Arabia,Fixed-price $60.00,N/A,Expert,4.8,"Full-Stack Development, AI Development, React, Docker, Python, PostgreSQL, Node.js, Websockets, WebRTC, OpenSIPS",25
Full-Stack AI Engineer for Neural Memory Search & Personal Assistant Platform,United States,Fixed-price $320.00,N/A,Intermediate,5.0,"AI Development, AI App Development, Deep Learning, Artificial Intelligence, Natural Language Processing, Machine Learning, Data Science, API Integration, Cloud Computing, Mobile App Development",25
Machine Learning Engineer ‚Äì Forecasting & AI Validation,United States,$11.56 /hr avg hourly rate paid,Hourly,Expert,5.0,"XGBoost, Python Scikit-Learn, pandas, MLflow, Machine Learning, Data Science, Python, Prophet, multi-tenant, Apache Airflow",25
AI App Engineer (Python/React),United States,$25.00,Hourly,Expert,5.0,"Django, OpenAI API, AWS Lambda, AI Model Integration, Python, React, n8n",26
AI Engineer needed to develop solution to detect tampered document,USA,$100.00,Fixed-price,Entry level,5.0,"Artificial Intelligence, Machine Learning, Deep Learning, Natural Language Processing",26
AI/ML Engineer for Generative Animation Model,United States,Fixed-price,Hourly,Intermediate,N/A,"TensorFlow, Machine Learning, Artificial Neural Network, Artificial Intelligence, Deep Learning",26
N/A,United States,$20.00,N/A,Intermediate,N/A,"Next.js, Tailwind CSS, Full-Stack Development, Nest.js, Prisma, Shadcn",26
Elasticsearch + Haystack Engineer for AI/LLM Data Retrieval,IND,$100.00,Fixed-price,Intermediate,5.0,"Python, Machine Learning, Data Science, TensorFlow",26
AI Engineer for AI/RAG Based Project,India,$19.00,Hourly,Intermediate,5.0,"Artificial Intelligence, Machine Learning, Neural Network, Natural Language Processing, OpenAI API, Fine-tuning LLM",26
Prompt Engineer for AI Driven App Development,United States,$15.00,Hourly,Intermediate,5.0,"OpenAI API, Android, Python, JavaScript, Java, Artificial Intelligence, Prompt Engineering",26
AI/ML Backend Engineer (Python & Agents),United States,$20.00,Hourly,Expert,5.0,"Python, Machine Learning, TensorFlow, Natural Language Processing, Data Science, Python Scikit-Learn, Artificial Intelligence, Flask, Deep Learning",26
"AI Engineer (Microservice Development, LLM Integration, Node.js/Python)",HKG,$8.00,Hourly,Intermediate,N/A,"AI App Development, Python, REST API, LLM Prompt, Node.js, FastAPI, HubSpot",26
AI Pre-Sales Engineer for Bespoke Solution Discovery Calls,United States,$12.40 /hr avg hourly rate paid,Hourly,Intermediate,3.6,"Lead Generation, Sales, Python, Cold Calling, JavaScript",26
AI Prompt Engineer / Instructional Designer Needed for Learning Modules,United States,$500.00,Fixed-price,Intermediate,N/A,"Instructional Design, Articulate Storyline, Elearning, Online Instruction, Course, Prompt Engineering",27
AI Engineer for Test Automation Development,India,$10.00,Hourly,Intermediate,N/A,"Python, Artificial Intelligence, Automated Testing, Test Automation Framework, JavaScript",27
Full Stack AI Engineer for SaaS Platform Development,Mexico,$15.00,Hourly,Intermediate,N/A,"React, Amazon Web Services, API, JavaScript, Python",27
Vibe Coder Engineer for AI-Powered SaaS Development,Mauritius,$100.00,Fixed-price,Intermediate,4.5,"Tailwind CSS, TypeScript, Web Application, AI Development, React, react shadcn, readdy, Supabase, Artificial Intelligence, UI/UX Prototyping",27
Senior Fullstack/DevOps Engineer: Deploy AI-Generated Healthcare SaaS to Production (1 Week),United States,"$1,000.00",Fixed-price,Intermediate,4.9,"TypeScript, Redis, PostgreSQL, ExpressJS, DevOps, Node.js, DigitalOcean, jwt",27
"Senior AI & Robotics Engineer (Contract, Part-Time)",India,N/A,Hourly,Expert,N/A,"C++, Python, nvidia cuda, nvidia issac, nvidia issac ros, Large Language Model, AI Model Development",27
Full-Stack AI Engineer for AI Bot Survey Platform Development,United States,$25.00,Hourly,Expert,5.0,"Python, Artificial Intelligence, API, JavaScript, Machine Learning",27
Full-Stack Growth Engineer Needed for Next.js Project with AI Integration,United Arab Emirates,"$1,500.00",Fixed-price,Intermediate,N/A,"React, JavaScript, Python, Node.js, Web Development",27
Job Title: Full Stack Engineer ‚Äì AI-Powered Voice & Chat Agent Platform,Saudi Arabia,Fixed-price $60.00,N/A,Expert,4.8,"Full-Stack Development, AI Development, React, Docker, Python, PostgreSQL, Node.js, Websockets, WebRTC, OpenSIPS",27
"AI Automation Engineer for E-Commerce (n8n, MCP, Vector Expertise)",GBR,$25.00,Hourly,Expert,4.0,"n8n, MCP, Vector Database, AI Automation",27
Full-Stack AI Engineer for Operations & Logistics Application,United States,$15.00,Hourly,Intermediate,3.9,"AI Agent Development, Full-Stack Development, Python, JavaScript, API, API Integration, Web Application",28
Control Systems Engineer Needed for AI-Guided Autonomous FPV Drone,IND,N/A,Hourly,Expert,N/A,"Electrical Engineering, Machine Learning, Artificial Intelligence, Electronics, Robotics, MATLAB, Embedded System",28
Full-Stack Software Engineer (Mobile Web & AI / Vibe Coding Friendly),United States,$71.78 /hr avg hourly rate paid,Hourly,Expert,5.0,"TypeScript, React, Python, Artificial Intelligence",28
AI Engineer for Business Automation Project in Milan,Italy,$19.00,Hourly,Expert,N/A,"Artificial Intelligence, Python, TensorFlow, Project Management, Data Science, Natural Language Processing, Chatbot Development",28
Cloud-Based AI App Development for Protein Engineering,Switzerland,$46.71 /hr avg hourly rate paid,Hourly,Intermediate,4.4,"Python, Java, Artificial Intelligence, JavaScript, Amazon Web Services",28
Data Engineer (Python) with experience in Prompting and AI,United States,$12.00,Hourly,Expert,4.7,"Data Engineering, Data Integration, Apache Airflow, Docker, Python, Data Science, Artificial Intelligence, Backend, Data Scraping",28
Full Stack Software Engineer (with AI Experience),Canada,$25.00,Hourly,Expert,5.0,"Microsoft Azure, OpenAI API, LangChain, DevOps, Python, Artificial Intelligence, API, Pinecone, Prompt Engineering, CI/CD",28
Expert Power Systems Electrical Engineer for High-Current AI Data Center Hardware,United States,$35.00,Hourly,Intermediate,5.0,"Electrical Engineering, Circuit Design, MATLAB, Electronics",28
Job Title: AI/ML Engineer,India,$30.00,Fixed-price,Intermediate,N/A,"NumPy, pandas, Matplotlib, Python Scikit-Learn, Keras, SQL, Python, Machine Learning, TensorFlow, GitHub",28
Full-Time Proposal Writer for Full Stack AI Engineer,India,$300.00,Fixed-price,Intermediate,N/A,"Lead Generation, Content Writing, Proposal Writing, Project Proposal, Business Cases, Business Editing",28
Python/AI Developer Odoo ERP Manufacturing Business Logic Engineer,Indonesia,Fixed-price $5.00,Hourly,Expert,5.0,"PostgreSQL, Python, Odoo, Artificial Intelligence, ERP Software",29
"Backend Engineer - APIs, Integrations & AI-Ready Systems",United States,"$2,000.00",Fixed-price,Expert,4.2,"API, Python, RESTful API, API Development, API Integration, Amazon Web Services, Node.js, JavaScript",29
Google Ads Growth Engineer (AI + Creative CPA Hacker),Australia,$11.00,Hourly,Expert,4.9,"Google Ads, Marketing Strategy",29
Mechanical Engineer with Thermal & DFM Expertise for AI Data Center Cooling,United States,$40.00,Hourly,Intermediate,5.0,"Mechanical Engineering, Engineering Design, Mechanical Design",29
Cloud Infrastructure Engineer with AI Scripting Expertise,United States,$15.00,Hourly,Intermediate,4.9,"Python, Google Cloud Platform, Amazon Web Services, DevOps, Docker",29
Senior Node.js Backend Engineer for AI Media Generation Microservice,Estonia,$25.00,N/A,Expert,5.0,"Node.js, API, Amazon Web Services, JavaScript, Python",29
Full-Stack Engineer (Django + React) for AI-Enhanced Web App,Philippines,$200.00,Fixed-price,Expert,N/A,"React, Django, Python, API Integration",29
Ai Engineers needed for Replit project,Australia,$20.00,Fixed-price,Expert,5.0,"Artificial Intelligence, Machine Learning, TensorFlow, Data Science, Neural Network, Computer Vision, Deep Learning, Python",29
Prompt Engineer Needed for AI Model Optimization,India,$250.00,Fixed-price,Intermediate,N/A,"Python, Machine Learning, Artificial Intelligence, TensorFlow, Data Science",29
Machine Learning Engineer (Computer Vision) ‚Äì Harmful Content Detection (Video AI),India,$10.00,Hourly,Intermediate,N/A,"YOLO, PyTorch, TensorFlow, Detectron2, FFmpeg, PySceneDetect, Labelbox, Python, Machine Learning, Computer Vision",29
Technical Recruiter / Tech Talent Sourcer Needed for Software Engineering and AI Roles,United Kingdom,$100.00,Fixed-price,Intermediate,N/A,"Recruiting, Candidate Sourcing, LinkedIn Recruiting",30
Senior QA Engineer (Automation/Playwright/AI Tools),United States,$16.55 /hr avg hourly rate paid,Hourly,Expert,4.8,"Postman, Desktop Application Testing, Software QA, Web Testing, Software Testing, Mobile App Testing, Test Case Design, Manual Testing, Functional Testing, Automated Testing",30
"Frontend Engineer Needed to Build Advanced UI for AI-Driven Trading Platform (Tailwind, React)",United States,$5.00,Hourly,Expert,5.0,"Tailwind CSS, Next.js, TypeScript, Front-End Development, UI Animation, React, REST API, web sockets",30
Fullstack Engineer (NextJS/NestJS) for API-Heavy SaaS App [Cursor.ai Required],USA,$10.00,Hourly,Entry level,5.0,"TypeScript, Web Application, Website Redesign, Artificial Intelligence, React, JavaScript, API, Mobile App",30
SIP Trunk & PBX Integration Engineer ‚Äì Voice AI Open Source Platforms,Saudi Arabia,Fixed-price $60.00,N/A,Expert,4.8,"VoIP, Session Initiation Protocol, VoIP Administration, Asterisk",30
DevOps Engineer Needed to Build AI First Pipeline in GitHub / Cursor / Claude Code,United States,$28.49 /hr avg hourly rate paid,N/A,Expert,5.0,"AIOps, DevOps Engineering, Deployment Automation, CI/CD, DevOps, Git",30
Data Engineer /Data Analyst ‚Äì AI and Data Driven Workflow Automation - Advanced Analytics,United States,$10.00,Hourly,Expert,5.0,"Data Engineering, Data Integration, Data Transformation, Microsoft Power BI, SQL, ETL Pipeline, Business Intelligence, Data Modeling, Tableau, Data Analysis",30
Automation Engineer for AI Agent Workflows using n8n,Australia,$10.00,Fixed-price,Intermediate,5.0,"Python, Artificial Intelligence, Robotic Process Automation, Automation, Chatbot Development",30
Senior Software Engineer (Laravel + Weaviate + OpenAI),United States,$10.00,Hourly,Intermediate,5.0,"API, Python, PHP, Laravel, RESTful API, JavaScript, MySQL, Amazon Web Services",30
"DevOps Engineer - AWS, GCP, Agentic AI Orchestration + MicroServices",United States,"$1,000.00",Fixed-price,Expert,4.2,"DevOps, CI/CD, Amazon Web Services, Docker, Kubernetes, Google Cloud Platform, CI/CD Platform, Deployment Automation, Terraform, Ansible",30
